{"cameraMode":{"drawMode":0,"name":"Shaded","section":"Shading Mode"},"sceneLighting":true,"audioPlay":false,"sceneViewState":{"m_AlwaysRefresh":false,"showFog":true,"showSkybox":true,"showFlares":true,"showImageEffects":true,"showParticleSystems":true,"showVisualEffectGraphs":true,"m_FxEnabled":true},"in2DMode":false,"pivot":{"x":414.3879699707031,"y":200.793701171875,"z":-128.56980895996095},"rotation":{"x":-0.019497686997056009,"y":-0.010497814044356346,"z":-0.00020473331096582115,"w":0.999754786491394},"size":242.73043823242188,"orthographic":false}